,datetime,speed
0,2023-04-04 11:33:45.837070,0.0
1,2023-04-04 11:33:46.837070,0.9724300426213933
2,2023-04-04 11:33:47.837070,1.9462328425422728
3,2023-04-04 11:33:48.837070,2.9217560606157864
4,2023-04-04 11:33:49.837070,3.8970009126136316
5,2023-04-04 11:33:50.837070,4.873085119937702
6,2023-04-04 11:33:51.837070,5.849006790396903
7,2023-04-04 11:33:52.837070,6.824627986636192
8,2023-04-04 11:33:53.837070,7.800978818227251
9,2023-04-04 11:33:54.837070,8.775462795586991
10,2023-04-04 11:33:55.837070,9.744645126530623
11,2023-04-04 11:33:56.837070,10.711745861728327
12,2023-04-04 11:33:57.837070,11.677958372812327
13,2023-04-04 11:33:58.837070,12.642953749656423
14,2023-04-04 11:33:59.837070,13.608350613076746
15,2023-04-04 11:34:00.837070,14.573856837038447
16,2023-04-04 11:34:01.837070,15.539218692745811
17,2023-04-04 11:34:02.837070,16.505082240925738
18,2023-04-04 11:34:03.837070,17.47112775101916
19,2023-04-04 11:34:04.837070,18.4366353782354
20,2023-04-04 11:34:05.837070,19.403072152702514
21,2023-04-04 11:34:06.837070,20.374451151884216
22,2023-04-04 11:34:07.837070,21.345036719462943
23,2023-04-04 11:34:08.837070,22.311967406985342
24,2023-04-04 11:34:09.837070,23.277580755400958
25,2023-04-04 11:34:10.837070,24.242234677473526
26,2023-04-04 11:34:11.837070,25.208214533118483
27,2023-04-04 11:34:12.837070,26.173939578445427
28,2023-04-04 11:34:13.837070,27.139498195230654
29,2023-04-04 11:34:14.837070,28.10486873828382
30,2023-04-04 11:34:15.837070,29.072136350117496
31,2023-04-04 11:34:16.837070,30.038863960401077
32,2023-04-04 11:34:17.837070,31.006449885627482
33,2023-04-04 11:34:18.837070,31.980141849482287
34,2023-04-04 11:34:19.837070,32.94962015361337
35,2023-04-04 11:34:20.837070,33.90919341710214
36,2023-04-04 11:34:21.837070,34.87039040324809
37,2023-04-04 11:34:22.837070,35.84041570802754
38,2023-04-04 11:34:23.837070,36.826446610987965
39,2023-04-04 11:34:24.837070,37.79699497919317
40,2023-04-04 11:34:25.837070,38.74630094198711
41,2023-04-04 11:34:26.837070,39.69374661167229
42,2023-04-04 11:34:27.837070,40.69638494406037
43,2023-04-04 11:34:28.837070,41.66180367948278
44,2023-04-04 11:34:29.837070,42.60888573339492
45,2023-04-04 11:34:30.837070,43.57638388560189
46,2023-04-04 11:34:31.837070,44.543541520658756
47,2023-04-04 11:34:32.837070,45.50918367066377
48,2023-04-04 11:34:33.837070,46.47609152043192
49,2023-04-04 11:34:34.837070,47.442791331480365
50,2023-04-04 11:34:35.837070,48.40839605915597
51,2023-04-04 11:34:36.837070,49.37387254311799
52,2023-04-04 11:34:37.837070,50.35820034779662
53,2023-04-04 11:34:38.837070,51.30566168857023
54,2023-04-04 11:34:39.837070,52.2774298116528
55,2023-04-04 11:34:40.837070,53.26724193686469
56,2023-04-04 11:34:41.837070,54.26468631937497
57,2023-04-04 11:34:42.837070,55.2847312562802
58,2023-04-04 11:34:43.837070,56.21871229495531
59,2023-04-04 11:34:44.837070,57.25959410646394
60,2023-04-04 11:34:45.837070,58.277311243878216
61,2023-04-04 11:34:46.837070,59.20778812294282
62,2023-04-04 11:34:47.837070,60.17369652561901
63,2023-04-04 11:34:48.837070,61.138799685926536
64,2023-04-04 11:34:49.837070,62.10381696637932
65,2023-04-04 11:34:50.837070,63.06951647328618
66,2023-04-04 11:34:51.837070,64.06407200591114
67,2023-04-04 11:34:52.837070,65.02953175130732
68,2023-04-04 11:34:53.837070,65.994892198493
69,2023-04-04 11:34:54.837070,66.96054569556642
70,2023-04-04 11:34:55.837070,67.925379178849
71,2023-04-04 11:34:56.837070,68.89829126694055
72,2023-04-04 11:34:57.837070,69.85738202413593
73,2023-04-04 11:34:58.837070,70.84335196096194
74,2023-04-04 11:34:59.837070,71.7251615907222
75,2023-04-04 11:35:00.837070,72.71490293818735
76,2023-04-04 11:35:01.837070,73.69336780952969
77,2023-04-04 11:35:02.837070,74.60590424241917
78,2023-04-04 11:35:03.837070,75.63551675133473
79,2023-04-04 11:35:04.837070,76.59309322015845
80,2023-04-04 11:35:05.837070,77.5351833985848
81,2023-04-04 11:35:06.837070,78.50000426438213
82,2023-04-04 11:35:07.837070,79.46388605142029
83,2023-04-04 11:35:08.837070,80.43000737817437
84,2023-04-04 11:35:09.837070,81.3946293989859
85,2023-04-04 11:35:10.837070,82.35977818592124
86,2023-04-04 11:35:11.837070,83.32487692188859
87,2023-04-04 11:35:12.837070,84.28983029540389
88,2023-04-04 11:35:13.837070,85.22983867845362
89,2023-04-04 11:35:14.837070,86.19379938150529
90,2023-04-04 11:35:15.837070,87.16052994255072
91,2023-04-04 11:35:16.837070,88.15296207284277
92,2023-04-04 11:35:17.837070,89.11780270725531
93,2023-04-04 11:35:18.837070,90.08296198593129
94,2023-04-04 11:35:19.837070,91.0478767967692
95,2023-04-04 11:35:20.837070,92.01335596729264
96,2023-04-04 11:35:21.837070,92.97893678615557
97,2023-04-04 11:35:22.837070,93.94420617038347
98,2023-04-04 11:35:23.837070,94.91075853430742
99,2023-04-04 11:35:24.837070,95.87822785716112
100,2023-04-04 11:35:25.837070,96.84521452598781
101,2023-04-04 11:35:26.837070,97.82057170610618
102,2023-04-04 11:35:27.837070,98.82984134947057
103,2023-04-04 11:35:28.837070,99.82221459549515
104,2023-04-04 11:35:29.837070,100.86533679320112
105,2023-04-04 11:35:30.837070,101.89542821166746
106,2023-04-04 11:35:31.837070,102.94166599744437
107,2023-04-04 11:35:32.837070,103.90335706281151
108,2023-04-04 11:35:33.837070,104.89807008801513
109,2023-04-04 11:35:34.837070,105.86803042276745
110,2023-04-04 11:35:35.837070,106.82545525764979
111,2023-04-04 11:35:36.837070,107.79055786361897
112,2023-04-04 11:35:37.837070,108.73781900556183
113,2023-04-04 11:35:38.837070,109.70268884199466
114,2023-04-04 11:35:39.837070,110.66639731631054
115,2023-04-04 11:35:40.837070,111.62327039091339
116,2023-04-04 11:35:41.837070,112.59315626019875
117,2023-04-04 11:35:42.837070,113.61990734048172
118,2023-04-04 11:35:43.837070,114.60885530565494
119,2023-04-04 11:35:44.837070,115.48707089255471
120,2023-04-04 11:35:45.837070,116.39831562251064
121,2023-04-04 11:35:46.837070,117.29451787667868
122,2023-04-04 11:35:47.837070,118.1919179146777
123,2023-04-04 11:35:48.837070,119.05159639499291
124,2023-04-04 11:35:49.837070,119.94888388345854
125,2023-04-04 11:35:50.837070,120.96924353333588
126,2023-04-04 11:35:51.837070,121.98606006110023
127,2023-04-04 11:35:52.837070,122.98102763891515
128,2023-04-04 11:35:53.837070,123.88592030275926
129,2023-04-04 11:35:54.837070,124.7706061618031
130,2023-04-04 11:35:55.837070,125.76148565713505
131,2023-04-04 11:35:56.837070,126.7445168673967
132,2023-04-04 11:35:57.837070,127.72052047017888
133,2023-04-04 11:35:58.837070,128.69704785919413
134,2023-04-04 11:35:59.837070,129.67209525723183
135,2023-04-04 11:36:00.837070,130.64608893251886
136,2023-04-04 11:36:01.837070,131.6220879839887
137,2023-04-04 11:36:02.837070,132.59847706615554
138,2023-04-04 11:36:03.837070,133.57504911928234
139,2023-04-04 11:36:04.837070,134.55182081970983
140,2023-04-04 11:36:05.837070,135.5289648944641
141,2023-04-04 11:36:06.837070,136.50653911364526
142,2023-04-04 11:36:07.837070,137.48387190156353
143,2023-04-04 11:36:08.837070,138.45886504451758
144,2023-04-04 11:36:09.837070,139.43662271908704
145,2023-04-04 11:36:10.837070,140.42124517582118
146,2023-04-04 11:36:11.837070,141.44104740243301
147,2023-04-04 11:36:12.837070,142.4436553653434
148,2023-04-04 11:36:13.837070,143.46742297313654
149,2023-04-04 11:36:14.837070,144.49507071906575
150,2023-04-04 11:36:15.837070,145.49192792844858
151,2023-04-04 11:36:16.837070,146.48437426478978
152,2023-04-04 11:36:17.837070,147.48213183479166
153,2023-04-04 11:36:18.837070,148.48550856152673
154,2023-04-04 11:36:19.837070,149.4804696700065
155,2023-04-04 11:36:20.837070,150.4311993476903
156,2023-04-04 11:36:21.837070,151.38385324617457
157,2023-04-04 11:36:22.837070,152.38734532270178
158,2023-04-04 11:36:23.837070,153.34323677966387
159,2023-04-04 11:36:24.837070,154.3205256741896
160,2023-04-04 11:36:25.837070,155.31267029931598
161,2023-04-04 11:36:26.837070,156.29622841647043
162,2023-04-04 11:36:27.837070,157.28117006836106
163,2023-04-04 11:36:28.837070,158.2676352074199
164,2023-04-04 11:36:29.837070,159.2348969212171
165,2023-04-04 11:36:30.837070,160.18547460732063
166,2023-04-04 11:36:31.837070,161.1715018762811
167,2023-04-04 11:36:32.837070,162.1562193316228
168,2023-04-04 11:36:33.837070,163.12600013035174
169,2023-04-04 11:36:34.837070,164.12583180181488
170,2023-04-04 11:36:35.837070,165.11071637581668
171,2023-04-04 11:36:36.837070,166.0951660140272
172,2023-04-04 11:36:37.837070,167.07948614339423
173,2023-04-04 11:36:38.837070,168.0632888811396
174,2023-04-04 11:36:39.837070,169.047666253606
175,2023-04-04 11:36:40.837070,170.05791040119348
176,2023-04-04 11:36:41.837070,171.04216834911796
177,2023-04-04 11:36:42.837070,172.0249758034636
178,2023-04-04 11:36:43.837070,173.03276373271925
179,2023-04-04 11:36:44.837070,174.02318012727818
180,2023-04-04 11:36:45.837070,175.02946256724405
181,2023-04-04 11:36:46.837070,176.02226012734624
182,2023-04-04 11:36:47.837070,177.00709599384854
183,2023-04-04 11:36:48.837070,177.99147501090357
184,2023-04-04 11:36:49.837070,179.00320157341474
185,2023-04-04 11:36:50.837070,179.98912172484876
186,2023-04-04 11:36:51.837070,180.97387467919532
187,2023-04-04 11:36:52.837070,181.95878866612563
188,2023-04-04 11:36:53.837070,182.94410234486605
189,2023-04-04 11:36:54.837070,183.92949384690823
190,2023-04-04 11:36:55.837070,184.9141973331604
191,2023-04-04 11:36:56.837070,185.89958463847728
192,2023-04-04 11:36:57.837070,186.9091673803122
193,2023-04-04 11:36:58.837070,187.89245813963961
194,2023-04-04 11:36:59.837070,188.87440084472613
195,2023-04-04 11:37:00.837070,189.82520985345408
196,2023-04-04 11:37:01.837070,190.80367707607107
197,2023-04-04 11:37:02.837070,191.77823809487097
198,2023-04-04 11:37:03.837070,192.76058212247548
199,2023-04-04 11:37:04.837070,193.6925749326114
200,2023-04-04 11:37:05.837070,194.55005958250052
201,2023-04-04 11:37:06.837070,195.42816712521787
202,2023-04-04 11:37:07.837070,196.44637858742692
203,2023-04-04 11:37:08.837070,197.46201014643052
204,2023-04-04 11:37:09.837070,198.48452607635525
205,2023-04-04 11:37:10.837070,199.45489169745636
206,2023-04-04 11:37:11.837070,200.47596067695505
207,2023-04-04 11:37:12.837070,201.50179480738274
208,2023-04-04 11:37:13.837070,202.53330527218998
209,2023-04-04 11:37:14.837070,203.49769003586042
210,2023-04-04 11:37:15.837070,204.48883768142397
211,2023-04-04 11:37:16.837070,205.46943238656348
212,2023-04-04 11:37:17.837070,206.36746272290404
213,2023-04-04 11:37:18.837070,207.30310165696392
214,2023-04-04 11:37:19.837070,208.2678132856712
215,2023-04-04 11:37:20.837070,209.23105830313594
216,2023-04-04 11:37:21.837070,210.23045491830166
217,2023-04-04 11:37:22.837070,211.25815535806282
218,2023-04-04 11:37:23.837070,212.25590378753338
219,2023-04-04 11:37:24.837070,213.184380701563
220,2023-04-04 11:37:25.837070,214.12661449189406
221,2023-04-04 11:37:26.837070,215.1112759229426
222,2023-04-04 11:37:27.837070,216.09085385838836
223,2023-04-04 11:37:28.837070,216.99734732813675
224,2023-04-04 11:37:29.837070,217.97558844351363
225,2023-04-04 11:37:30.837070,218.97179302862023
226,2023-04-04 11:37:31.837070,219.94602057278365
227,2023-04-04 11:37:32.837070,220.9064877566281
228,2023-04-04 11:37:33.837070,221.85551330782718
229,2023-04-04 11:37:34.837070,222.82276823433233
230,2023-04-04 11:37:35.837070,223.75792054984757
231,2023-04-04 11:37:36.837070,224.70823188912235
232,2023-04-04 11:37:37.837070,225.67491967233104
233,2023-04-04 11:37:38.837070,226.6420591781295
234,2023-04-04 11:37:39.837070,227.60923763380586
235,2023-04-04 11:37:40.837070,228.5771337939241
236,2023-04-04 11:37:41.837070,229.54379036352955
237,2023-04-04 11:37:42.837070,230.54113170163004
238,2023-04-04 11:37:43.837070,231.5279120597529
239,2023-04-04 11:37:44.837070,232.48870893579016
240,2023-04-04 11:37:45.837070,233.42526420856865
241,2023-04-04 11:37:46.837070,234.4117014291339
242,2023-04-04 11:37:47.837070,235.41184306953778
243,2023-04-04 11:37:48.837070,236.3013959136785
244,2023-04-04 11:37:49.837070,237.2683598732033
245,2023-04-04 11:37:50.837070,238.25105851105914
246,2023-04-04 11:37:51.837070,239.34304554003296
247,2023-04-04 11:37:52.837070,240.4001069959072
248,2023-04-04 11:37:53.837070,241.4315811412812
249,2023-04-04 11:37:54.837070,242.4925233323453
250,2023-04-04 11:37:55.837070,243.53437286565165
251,2023-04-04 11:37:56.837070,244.47218604520822
252,2023-04-04 11:37:57.837070,245.5164557657436
253,2023-04-04 11:37:58.837070,246.49552882590416
254,2023-04-04 11:37:59.837070,247.4542931752148
255,2023-04-04 11:38:00.837070,248.34873200036824
256,2023-04-04 11:38:01.837070,249.32963451411268
257,2023-04-04 11:38:02.837070,250.2951627524459
258,2023-04-04 11:38:03.837070,251.32679640196105
259,2023-04-04 11:38:04.837070,252.24944706816285
260,2023-04-04 11:38:05.837070,253.28369179986
261,2023-04-04 11:38:06.837070,254.23875180288965
262,2023-04-04 11:38:07.837070,255.2481023724994
263,2023-04-04 11:38:08.837070,256.2228667041656
264,2023-04-04 11:38:09.837070,257.18910143330885
265,2023-04-04 11:38:10.837070,258.1832750765412
266,2023-04-04 11:38:11.837070,259.1663323738983
267,2023-04-04 11:38:12.837070,260.144787891358
268,2023-04-04 11:38:13.837070,261.1039358622158
269,2023-04-04 11:38:14.837070,262.0887649543226
270,2023-04-04 11:38:15.837070,263.06349551334154
271,2023-04-04 11:38:16.837070,263.99246926926696
272,2023-04-04 11:38:17.837070,264.9425309018576
273,2023-04-04 11:38:18.837070,265.91576662280517
274,2023-04-04 11:38:19.837070,266.88519514200783
275,2023-04-04 11:38:20.837070,267.8552366591316
276,2023-04-04 11:38:21.837070,268.819441901193
277,2023-04-04 11:38:22.837070,269.8005001904997
278,2023-04-04 11:38:23.837070,270.76646390984473
279,2023-04-04 11:38:24.837070,271.789025069911
280,2023-04-04 11:38:25.837070,272.7452342653438
281,2023-04-04 11:38:26.837070,273.70416043189596
282,2023-04-04 11:38:27.837070,274.6300626181226
283,2023-04-04 11:38:28.837070,275.6370774347776
284,2023-04-04 11:38:29.837070,276.6106921789102
285,2023-04-04 11:38:30.837070,277.57026381236597
286,2023-04-04 11:38:31.837070,278.53488769295285
287,2023-04-04 11:38:32.837070,279.52420870698853
288,2023-04-04 11:38:33.837070,280.4788181592367
289,2023-04-04 11:38:34.837070,281.3890277949699
290,2023-04-04 11:38:35.837070,282.3631856042145
291,2023-04-04 11:38:36.837070,283.3175835668678
292,2023-04-04 11:38:37.837070,284.2666780243821
293,2023-04-04 11:38:38.837070,285.20806093142727
294,2023-04-04 11:38:39.837070,286.20633468469435
295,2023-04-04 11:38:40.837070,287.1644446938324
296,2023-04-04 11:38:41.837070,288.1159673552894
297,2023-04-04 11:38:42.837070,289.0980332988941
298,2023-04-04 11:38:43.837070,290.08545109332607
299,2023-04-04 11:38:44.837070,291.06851997808485
300,2023-04-04 11:38:45.837070,292.0156721243045
301,2023-04-04 11:38:46.837070,292.9737978051409
302,2023-04-04 11:38:47.837070,293.92653289087974
303,2023-04-04 11:38:48.837070,294.90387367310615
304,2023-04-04 11:38:49.837070,295.8714318788835
305,2023-04-04 11:38:50.837070,296.84939260415723
306,2023-04-04 11:38:51.837070,297.81401364734575
307,2023-04-04 11:38:52.837070,298.79310573081665
308,2023-04-04 11:38:53.837070,299.7969107338208
309,2023-04-04 11:38:54.837070,300.7427436664376
310,2023-04-04 11:38:55.837070,301.7132943769396
311,2023-04-04 11:38:56.837070,302.68783745226494
312,2023-04-04 11:38:57.837070,303.68314293846277
313,2023-04-04 11:38:58.837070,304.6748693900085
314,2023-04-04 11:38:59.837070,305.62608936403353
315,2023-04-04 11:39:00.837070,306.60867774076104
316,2023-04-04 11:39:01.837070,307.56662703885337
317,2023-04-04 11:39:02.837070,308.53855545848916
318,2023-04-04 11:39:03.837070,309.5133133871955
319,2023-04-04 11:39:04.837070,310.4824748479221
320,2023-04-04 11:39:05.837070,311.4585490900298
321,2023-04-04 11:39:06.837070,312.44230383542333
322,2023-04-04 11:39:07.837070,313.3992905698079
323,2023-04-04 11:39:08.837070,314.3484032288313
324,2023-04-04 11:39:09.837070,315.3449796421366
325,2023-04-04 11:39:10.837070,316.32171287722224
326,2023-04-04 11:39:11.837070,317.2709592503946
327,2023-04-04 11:39:12.837070,318.24272774821503
328,2023-04-04 11:39:13.837070,319.2681341402713
329,2023-04-04 11:39:14.837070,320.3818365211787
330,2023-04-04 11:39:15.837070,321.39548225255476
331,2023-04-04 11:39:16.837070,322.2971042540971
332,2023-04-04 11:39:17.837070,323.26361978998636
333,2023-04-04 11:39:18.837070,324.23314625304386
334,2023-04-04 11:39:19.837070,325.2329478520811
335,2023-04-04 11:39:20.837070,326.1740411471417
336,2023-04-04 11:39:21.837070,327.14032643153104
337,2023-04-04 11:39:22.837070,328.1109746921935
338,2023-04-04 11:39:23.837070,329.094088875676
339,2023-04-04 11:39:24.837070,330.05163365990404
340,2023-04-04 11:39:25.837070,331.0226273558405
341,2023-04-04 11:39:26.837070,332.03901526650077
342,2023-04-04 11:39:27.837070,333.01328622676544
343,2023-04-04 11:39:28.837070,333.926679223782
344,2023-04-04 11:39:29.837070,334.87869732372764
345,2023-04-04 11:39:30.837070,335.81643058407326
346,2023-04-04 11:39:31.837070,336.78198168227516
347,2023-04-04 11:39:32.837070,337.7054060788943
348,2023-04-04 11:39:33.837070,338.6668354025334
349,2023-04-04 11:39:34.837070,339.6503505824109
350,2023-04-04 11:39:35.837070,340.65013613767314
351,2023-04-04 11:39:36.837070,341.64833226611324
352,2023-04-04 11:39:37.837070,342.6440425086955
353,2023-04-04 11:39:38.837070,343.6053095181746
354,2023-04-04 11:39:39.837070,344.6007544075273
355,2023-04-04 11:39:40.837070,345.56387041088715
356,2023-04-04 11:39:41.837070,346.5524009972104
357,2023-04-04 11:39:42.837070,347.527468937289
358,2023-04-04 11:39:43.837070,348.5052748740779
359,2023-04-04 11:39:44.837070,349.4640770860353
360,2023-04-04 11:39:45.837070,350.45620239075805
361,2023-04-04 11:39:46.837070,351.4225247894477
362,2023-04-04 11:39:47.837070,352.3914784776349
363,2023-04-04 11:39:48.837070,353.3479567940113
364,2023-04-04 11:39:49.837070,354.3188028601658
365,2023-04-04 11:39:50.837070,355.27111829595293
366,2023-04-04 11:39:51.837070,356.2248413434367
367,2023-04-04 11:39:52.837070,357.198678709814
368,2023-04-04 11:39:53.837070,358.18425998034985
369,2023-04-04 11:39:54.837070,359.17273967456845
370,2023-04-04 11:39:55.837070,360.1147058982022
371,2023-04-04 11:39:56.837070,361.08851126959
372,2023-04-04 11:39:57.837070,362.07271071708976
373,2023-04-04 11:39:58.837070,363.0492700954249
374,2023-04-04 11:39:59.837070,364.03163235826446
375,2023-04-04 11:40:00.837070,365.0232974480407
376,2023-04-04 11:40:01.837070,366.01004041874916
377,2023-04-04 11:40:02.837070,367.0065568447048
378,2023-04-04 11:40:03.837070,367.98549164798015
379,2023-04-04 11:40:04.837070,368.95834018206557
380,2023-04-04 11:40:05.837070,369.96113720485886
381,2023-04-04 11:40:06.837070,370.94990189361306
382,2023-04-04 11:40:07.837070,371.90779955667557
383,2023-04-04 11:40:08.837070,372.89184337542036
384,2023-04-04 11:40:09.837070,373.86693516808134
385,2023-04-04 11:40:10.837070,374.82503663874263
386,2023-04-04 11:40:11.837070,375.79028643259016
387,2023-04-04 11:40:12.837070,376.773898928682
388,2023-04-04 11:40:13.837070,377.730837556729
389,2023-04-04 11:40:14.837070,378.6924660196761
390,2023-04-04 11:40:15.837070,379.6509295199251
391,2023-04-04 11:40:16.837070,380.63904782611746
392,2023-04-04 11:40:17.837070,381.5892223259311
393,2023-04-04 11:40:18.837070,382.5347625127586
394,2023-04-04 11:40:19.837070,383.5085019395048
395,2023-04-04 11:40:20.837070,384.4753455647416
396,2023-04-04 11:40:21.837070,385.44883028776553
397,2023-04-04 11:40:22.837070,386.4072929720851
398,2023-04-04 11:40:23.837070,387.3797216930987
399,2023-04-04 11:40:24.837070,388.33843756608917
400,2023-04-04 11:40:25.837070,389.29400753069643
401,2023-04-04 11:40:26.837070,390.2745052425639
402,2023-04-04 11:40:27.837070,391.29119917680464
403,2023-04-04 11:40:28.837070,392.27699464348336
404,2023-04-04 11:40:29.837070,393.2345362211678
405,2023-04-04 11:40:30.837070,394.219941515156
406,2023-04-04 11:40:31.837070,395.1742719719609
407,2023-04-04 11:40:32.837070,396.12435093544116
408,2023-04-04 11:40:33.837070,397.10149216141536
409,2023-04-04 11:40:34.837070,398.04520106085135
410,2023-04-04 11:40:35.837070,398.97662989221726
411,2023-04-04 11:40:36.837070,399.92032194887275
412,2023-04-04 11:40:37.837070,400.88603195389885
413,2023-04-04 11:40:38.837070,401.8523866094611
414,2023-04-04 11:40:39.837070,402.81983775494024
415,2023-04-04 11:40:40.837070,403.7876877151453
416,2023-04-04 11:40:41.837070,404.7534121536741
417,2023-04-04 11:40:42.837070,405.7187422401598
418,2023-04-04 11:40:43.837070,406.684580857757
419,2023-04-04 11:40:44.837070,407.65256592379484
420,2023-04-04 11:40:45.837070,408.61883562664605
421,2023-04-04 11:40:46.837070,409.58544222064637
422,2023-04-04 11:40:47.837070,410.55573124596486
423,2023-04-04 11:40:48.837070,411.5210815711794
424,2023-04-04 11:40:49.837070,412.45824105374135
425,2023-04-04 11:40:50.837070,413.39880191443564
426,2023-04-04 11:40:51.837070,414.3446043915639
427,2023-04-04 11:40:52.837070,415.3068121906108
428,2023-04-04 11:40:53.837070,416.2631050838122
429,2023-04-04 11:40:54.837070,417.2623972613642
430,2023-04-04 11:40:55.837070,418.2210389492001
431,2023-04-04 11:40:56.837070,419.1837085857393
432,2023-04-04 11:40:57.837070,420.17176504531835
433,2023-04-04 11:40:58.837070,421.1402690340445
434,2023-04-04 11:40:59.837070,422.07890163977567
435,2023-04-04 11:41:00.837070,423.0096265368294
436,2023-04-04 11:41:01.837070,423.964570433952
437,2023-04-04 11:41:02.837070,424.95370620980043
438,2023-04-04 11:41:03.837070,425.9420460279569
439,2023-04-04 11:41:04.837070,426.9346196813389
440,2023-04-04 11:41:05.837070,427.91384827589104
441,2023-04-04 11:41:06.837070,428.8801014387435
442,2023-04-04 11:41:07.837070,429.8445617418213
443,2023-04-04 11:41:08.837070,430.81043274096055
444,2023-04-04 11:41:09.837070,431.7763655810217
445,2023-04-04 11:41:10.837070,432.74240870585317
446,2023-04-04 11:41:11.837070,433.7075332005602
447,2023-04-04 11:41:12.837070,434.67347939199436
448,2023-04-04 11:41:13.837070,435.6392989109023
449,2023-04-04 11:41:14.837070,436.60478133962204
450,2023-04-04 11:41:15.837070,437.5682958622866
451,2023-04-04 11:41:16.837070,438.53580423842754
452,2023-04-04 11:41:17.837070,439.50215416803513
453,2023-04-04 11:41:18.837070,440.44928153468595
454,2023-04-04 11:41:19.837070,441.43792514450024
455,2023-04-04 11:41:20.837070,442.39279012323976
456,2023-04-04 11:41:21.837070,443.37261647795947
457,2023-04-04 11:41:22.837070,444.33999470798136
458,2023-04-04 11:41:23.837070,445.28463446690887
459,2023-04-04 11:41:24.837070,446.2849898122558
460,2023-04-04 11:41:25.837070,447.242663248916
461,2023-04-04 11:41:26.837070,448.2007157142845
462,2023-04-04 11:41:27.837070,449.1841535730847
463,2023-04-04 11:41:28.837070,450.12016199942224
464,2023-04-04 11:41:29.837070,451.07432474299355
465,2023-04-04 11:41:30.837070,452.0150778007442
466,2023-04-04 11:41:31.837070,452.9767648005855
467,2023-04-04 11:41:32.837070,453.95470956363374
468,2023-04-04 11:41:33.837070,454.9403331192441
469,2023-04-04 11:41:34.837070,455.91830952250916
470,2023-04-04 11:41:35.837070,456.91584752357426
471,2023-04-04 11:41:36.837070,457.8946875468021
472,2023-04-04 11:41:37.837070,458.86400109753123
473,2023-04-04 11:41:38.837070,459.83548347249666
474,2023-04-04 11:41:39.837070,460.79956496233905
475,2023-04-04 11:41:40.837070,461.7766359889184
476,2023-04-04 11:41:41.837070,462.752960452242
477,2023-04-04 11:41:42.837070,463.7096296927648
478,2023-04-04 11:41:43.837070,464.66217056138424
479,2023-04-04 11:41:44.837070,465.61171044767445
480,2023-04-04 11:41:45.837070,466.5603939980347
481,2023-04-04 11:41:46.837070,467.537014012602
482,2023-04-04 11:41:47.837070,468.5291812676441
483,2023-04-04 11:41:48.837070,469.5287117608943
484,2023-04-04 11:41:49.837070,470.5181019902598
485,2023-04-04 11:41:50.837070,471.44572203170384
486,2023-04-04 11:41:51.837070,472.453558486461
487,2023-04-04 11:41:52.837070,473.4518169535118
488,2023-04-04 11:41:53.837070,474.4412597086689
489,2023-04-04 11:41:54.837070,475.4253504319242
490,2023-04-04 11:41:55.837070,476.4117483895585
491,2023-04-04 11:41:56.837070,477.3795442477408
492,2023-04-04 11:41:57.837070,478.36600376140245
493,2023-04-04 11:41:58.837070,479.3476649651401
494,2023-04-04 11:41:59.837070,480.3301197880407
495,2023-04-04 11:42:00.837070,481.29335410838104
496,2023-04-04 11:42:01.837070,482.2572360524113
497,2023-04-04 11:42:02.837070,483.2374885106986
498,2023-04-04 11:42:03.837070,484.2420751977084
499,2023-04-04 11:42:04.837070,485.212021226502
500,2023-04-04 11:42:05.837070,486.1800482433971
501,2023-04-04 11:42:06.837070,487.12733357123386
502,2023-04-04 11:42:07.837070,488.0905635898963
503,2023-04-04 11:42:08.837070,489.0549227483575
504,2023-04-04 11:42:09.837070,490.01969266496195
505,2023-04-04 11:42:10.837070,490.986708679556
506,2023-04-04 11:42:11.837070,491.95589587040286
507,2023-04-04 11:42:12.837070,492.9238260184812
508,2023-04-04 11:42:13.837070,493.92236750716467
509,2023-04-04 11:42:14.837070,494.9071449565182
510,2023-04-04 11:42:15.837070,495.86472386775563
511,2023-04-04 11:42:16.837070,496.84443632674663
512,2023-04-04 11:42:17.837070,497.78369875545286
513,2023-04-04 11:42:18.837070,498.7879579452784
514,2023-04-04 11:42:19.837070,499.7680093718483
515,2023-04-04 11:42:20.837070,500.7494543326099
516,2023-04-04 11:42:21.837070,501.67659879278807
517,2023-04-04 11:42:22.837070,502.66641292426266
518,2023-04-04 11:42:23.837070,503.62135901199366
519,2023-04-04 11:42:24.837070,504.58925320389886
520,2023-04-04 11:42:25.837070,505.5589601959752
521,2023-04-04 11:42:26.837070,506.53200584302306
522,2023-04-04 11:42:27.837070,507.5151526731917
523,2023-04-04 11:42:28.837070,508.53342089706706
524,2023-04-04 11:42:29.837070,509.5687729563373
525,2023-04-04 11:42:30.837070,510.5409756956126
526,2023-04-04 11:42:31.837070,511.5061055936546
527,2023-04-04 11:42:32.837070,512.4723940149607
528,2023-04-04 11:42:33.837070,513.4383957110348
529,2023-04-04 11:42:34.837070,514.3790034655323
530,2023-04-04 11:42:35.837070,515.3446793491912
531,2023-04-04 11:42:36.837070,516.3090516881214
532,2023-04-04 11:42:37.837070,517.2739159154622
533,2023-04-04 11:42:38.837070,518.2659024000375
534,2023-04-04 11:42:39.837070,519.2315474905612
535,2023-04-04 11:42:40.837070,520.2227401820194
536,2023-04-04 11:42:41.837070,521.1891815130754
537,2023-04-04 11:42:42.837070,522.1530234956939
538,2023-04-04 11:42:43.837070,523.0964574890393
539,2023-04-04 11:42:44.837070,524.0633369979856
540,2023-04-04 11:42:45.837070,525.0298120957982
541,2023-04-04 11:42:46.837070,525.9949272219658
542,2023-04-04 11:42:47.837070,526.9612062868975
543,2023-04-04 11:42:48.837070,527.9306990501569
544,2023-04-04 11:42:49.837070,528.896059399665
545,2023-04-04 11:42:50.837070,529.8599466141885
546,2023-04-04 11:42:51.837070,530.8260313673928
547,2023-04-04 11:42:52.837070,531.790855590338
548,2023-04-04 11:42:53.837070,532.7571054270242
549,2023-04-04 11:42:54.837070,533.7222348936375
550,2023-04-04 11:42:55.837070,534.687310108602
551,2023-04-04 11:42:56.837070,535.6761763490872
552,2023-04-04 11:42:57.837070,536.6452304223002
553,2023-04-04 11:42:58.837070,537.6039527222266
554,2023-04-04 11:42:59.837070,538.5906379066021
555,2023-04-04 11:43:00.837070,539.5790184609646
556,2023-04-04 11:43:01.837070,540.5667650564617
557,2023-04-04 11:43:02.837070,541.6277635919944
558,2023-04-04 11:43:03.837070,542.6260302778882
559,2023-04-04 11:43:04.837070,543.576280118828
560,2023-04-04 11:43:05.837070,544.5172477399185
561,2023-04-04 11:43:06.837070,545.5316971892995
562,2023-04-04 11:43:07.837070,546.5033688824025
563,2023-04-04 11:43:08.837070,547.4811699607818
564,2023-04-04 11:43:09.837070,548.4507345132355
565,2023-04-04 11:43:10.837070,549.4360142009765
566,2023-04-04 11:43:11.837070,550.343824834294
567,2023-04-04 11:43:12.837070,551.2858913999726
568,2023-04-04 11:43:13.837070,552.3202055845057
569,2023-04-04 11:43:14.837070,553.2804147869875
570,2023-04-04 11:43:15.837070,554.2381352746283
571,2023-04-04 11:43:16.837070,555.2119451964588
572,2023-04-04 11:43:17.837070,556.1611498779664
573,2023-04-04 11:43:18.837070,557.1243683581032
574,2023-04-04 11:43:19.837070,558.1152460378323
575,2023-04-04 11:43:20.837070,559.0868138250593
576,2023-04-04 11:43:21.837070,560.0722610075228
577,2023-04-04 11:43:22.837070,561.1191977333563
578,2023-04-04 11:43:23.837070,562.1062755901207
579,2023-04-04 11:43:24.837070,563.1325619122655
580,2023-04-04 11:43:25.837070,564.1052163955806
581,2023-04-04 11:43:26.837070,565.0665983166144
582,2023-04-04 11:43:27.837070,565.9996436248391
583,2023-04-04 11:43:28.837070,566.9879103418273
584,2023-04-04 11:43:29.837070,567.9356776614211
585,2023-04-04 11:43:30.837070,568.9146239835133
586,2023-04-04 11:43:31.837070,569.8816166778086
587,2023-04-04 11:43:32.837070,570.8293618569903
588,2023-04-04 11:43:33.837070,571.791335770946
589,2023-04-04 11:43:34.837070,572.7775113803553
590,2023-04-04 11:43:35.837070,573.7350631809195
591,2023-04-04 11:43:36.837070,574.7165589656465
592,2023-04-04 11:43:37.837070,575.6905450009319
593,2023-04-04 11:43:38.837070,576.6906047542589
594,2023-04-04 11:43:39.837070,577.6725009470746
595,2023-04-04 11:43:40.837070,578.6518175948008
596,2023-04-04 11:43:41.837070,579.6298011926358
597,2023-04-04 11:43:42.837070,580.6095129503173
598,2023-04-04 11:43:43.837070,581.5895228861385
599,2023-04-04 11:43:44.837070,582.5676388071709
600,2023-04-04 11:43:45.837070,583.5472766832398
601,2023-04-04 11:43:46.837070,584.5261550598715
602,2023-04-04 11:43:47.837070,585.5043198022892
603,2023-04-04 11:43:48.837070,586.4836912791873
604,2023-04-04 11:43:49.837070,587.463346884984
605,2023-04-04 11:43:50.837070,588.442703037704
606,2023-04-04 11:43:51.837070,589.4210029713934
607,2023-04-04 11:43:52.837070,590.4006361369013
608,2023-04-04 11:43:53.837070,591.3801717610356
609,2023-04-04 11:43:54.837070,592.3584920861953
610,2023-04-04 11:43:55.837070,593.3491961110938
611,2023-04-04 11:43:56.837070,594.346427148506
612,2023-04-04 11:43:57.837070,595.3620222517194
613,2023-04-04 11:43:58.837070,596.2827284665901
614,2023-04-04 11:43:59.837070,597.2226473783674
615,2023-04-04 11:44:00.837070,598.1314974524735
616,2023-04-04 11:44:01.837070,599.0751391758571
617,2023-04-04 11:44:02.837070,600.0377125820387
618,2023-04-04 11:44:03.837070,600.9904380904411
619,2023-04-04 11:44:04.837070,602.0904227305228
620,2023-04-04 11:44:05.837070,603.1515795939254
621,2023-04-04 11:44:06.837070,604.0757137835741
622,2023-04-04 11:44:07.837070,605.0065064908844
623,2023-04-04 11:44:08.837070,605.987867618189
624,2023-04-04 11:44:09.837070,606.9309201487442
625,2023-04-04 11:44:10.837070,607.8893512657401
626,2023-04-04 11:44:11.837070,608.8333135962936
627,2023-04-04 11:44:12.837070,609.7950366237944
628,2023-04-04 11:44:13.837070,610.8199576111506
629,2023-04-04 11:44:14.837070,611.7706784224009
630,2023-04-04 11:44:15.837070,612.7569443271947
631,2023-04-04 11:44:16.837070,613.673753190861
632,2023-04-04 11:44:17.837070,614.6942727745502
633,2023-04-04 11:44:18.837070,615.6238352375943
634,2023-04-04 11:44:19.837070,616.501055735903
635,2023-04-04 11:44:20.837070,617.4768935457087
636,2023-04-04 11:44:21.837070,618.4422587095733
637,2023-04-04 11:44:22.837070,619.4601045994741
638,2023-04-04 11:44:23.837070,620.472849634465
639,2023-04-04 11:44:24.837070,621.4292893521897
640,2023-04-04 11:44:25.837070,622.4564528259046
641,2023-04-04 11:44:26.837070,623.4718403344796
642,2023-04-04 11:44:27.837070,624.5226111862315
643,2023-04-04 11:44:28.837070,625.5619694881583
644,2023-04-04 11:44:29.837070,626.5605709464468
645,2023-04-04 11:44:30.837070,627.5292834267484
646,2023-04-04 11:44:31.837070,628.5139061928711
647,2023-04-04 11:44:32.837070,629.4762869921151
648,2023-04-04 11:44:33.837070,630.4410924860825
649,2023-04-04 11:44:34.837070,631.4721773653083
650,2023-04-04 11:44:35.837070,632.4551524314828
651,2023-04-04 11:44:36.837070,633.3993598197394
652,2023-04-04 11:44:37.837070,634.3300516262027
653,2023-04-04 11:44:38.837070,635.2530262478803
654,2023-04-04 11:44:39.837070,636.2141803114123
655,2023-04-04 11:44:40.837070,637.0959509922045
656,2023-04-04 11:44:41.837070,638.0301290219346
657,2023-04-04 11:44:42.837070,638.9463578749861
658,2023-04-04 11:44:43.837070,639.9124987322035
659,2023-04-04 11:44:44.837070,640.923800896575
660,2023-04-04 11:44:45.837070,641.8800081280762
661,2023-04-04 11:44:46.837070,642.8153631840415
662,2023-04-04 11:44:47.837070,643.7897976647132
663,2023-04-04 11:44:48.837070,644.7605269980239
664,2023-04-04 11:44:49.837070,645.7780297808671
665,2023-04-04 11:44:50.837070,646.7641823322787
666,2023-04-04 11:44:51.837070,647.7361582873444
667,2023-04-04 11:44:52.837070,648.746447839287
668,2023-04-04 11:44:53.837070,649.7516450620939
669,2023-04-04 11:44:54.837070,650.7254183442462
670,2023-04-04 11:44:55.837070,651.6950790975997
671,2023-04-04 11:44:56.837070,652.7004443440161
672,2023-04-04 11:44:57.837070,653.6677539311586
673,2023-04-04 11:44:58.837070,654.6824853695884
674,2023-04-04 11:44:59.837070,655.6306887750593
675,2023-04-04 11:45:00.837070,656.6611291321552
676,2023-04-04 11:45:01.837070,657.6513042387246
677,2023-04-04 11:45:02.837070,658.5797017827252
678,2023-04-04 11:45:03.837070,659.546728153151
679,2023-04-04 11:45:04.837070,660.5534392757115
680,2023-04-04 11:45:05.837070,661.582501060598
681,2023-04-04 11:45:06.837070,662.5586495026462
682,2023-04-04 11:45:07.837070,663.5434535857571
683,2023-04-04 11:45:08.837070,664.5289088462215
684,2023-04-04 11:45:09.837070,665.5147662862272
685,2023-04-04 11:45:10.837070,666.5006944291185
686,2023-04-04 11:45:11.837070,667.4838406950032
687,2023-04-04 11:45:12.837070,668.4872790465786
688,2023-04-04 11:45:13.837070,669.4752150265615
689,2023-04-04 11:45:14.837070,670.4984380401394
690,2023-04-04 11:45:15.837070,671.5271468726613
691,2023-04-04 11:45:16.837070,672.5222397729497
692,2023-04-04 11:45:17.837070,673.5567551130529
693,2023-04-04 11:45:18.837070,674.5542110144662
694,2023-04-04 11:45:19.837070,675.5925958869777
695,2023-04-04 11:45:20.837070,676.6218171943233
696,2023-04-04 11:45:21.837070,677.6276416176801
697,2023-04-04 11:45:22.837070,678.6184859222257
698,2023-04-04 11:45:23.837070,679.7126631248774
699,2023-04-04 11:45:24.837070,680.7267524307528
700,2023-04-04 11:45:25.837070,681.6644018641466
701,2023-04-04 11:45:26.837070,682.6238692621525
702,2023-04-04 11:45:27.837070,683.6115032710306
703,2023-04-04 11:45:28.837070,684.5576480061945
704,2023-04-04 11:45:29.837070,685.5056521303482
705,2023-04-04 11:45:30.837070,686.4891443682767
706,2023-04-04 11:45:31.837070,687.4390016662812
707,2023-04-04 11:45:32.837070,688.4081529681226
708,2023-04-04 11:45:33.837070,689.3600089910088
709,2023-04-04 11:45:34.837070,690.2636225436199
710,2023-04-04 11:45:35.837070,691.2334142916436
711,2023-04-04 11:45:36.837070,692.3964163814572
712,2023-04-04 11:45:37.837070,693.4398213276932
713,2023-04-04 11:45:38.837070,694.362779303041
714,2023-04-04 11:45:39.837070,695.3847215561505
715,2023-04-04 11:45:40.837070,696.2962031026711
716,2023-04-04 11:45:41.837070,697.2648598558634
717,2023-04-04 11:45:42.837070,698.251871826917
718,2023-04-04 11:45:43.837070,699.2170380195637
719,2023-04-04 11:45:44.837070,700.1822216245473
720,2023-04-04 11:45:45.837070,701.1906327521676
721,2023-04-04 11:45:46.837070,702.1807566529793
722,2023-04-04 11:45:47.837070,703.2389015157273
723,2023-04-04 11:45:48.837070,704.4300958304194
724,2023-04-04 11:45:49.837070,705.3932616278576
725,2023-04-04 11:45:50.837070,706.3574671704378
726,2023-04-04 11:45:51.837070,707.2853884527765
727,2023-04-04 11:45:52.837070,708.3181970609319
728,2023-04-04 11:45:53.837070,709.4752931521123
729,2023-04-04 11:45:54.837070,710.466072996458
730,2023-04-04 11:45:55.837070,711.3657629889805
731,2023-04-04 11:45:56.837070,712.3467517807064
732,2023-04-04 11:45:57.837070,713.3673055147563
733,2023-04-04 11:45:58.837070,714.3379570396071
734,2023-04-04 11:45:59.837070,715.2386886766733
735,2023-04-04 11:46:00.837070,716.1918539257819
736,2023-04-04 11:46:01.837070,717.1405179165655
737,2023-04-04 11:46:02.837070,718.1410534682348
738,2023-04-04 11:46:03.837070,719.1024465401042
739,2023-04-04 11:46:04.837070,720.0507546873606
740,2023-04-04 11:46:05.837070,720.8785546647631
741,2023-04-04 11:46:06.837070,721.8894303169067
742,2023-04-04 11:46:07.837070,722.8994289068976
743,2023-04-04 11:46:08.837070,723.903186479045
744,2023-04-04 11:46:09.837070,724.888575228845
745,2023-04-04 11:46:10.837070,725.8625793497991
746,2023-04-04 11:46:11.837070,726.8191071093798
747,2023-04-04 11:46:12.837070,727.7881092802124
748,2023-04-04 11:46:13.837070,728.6890269248049
749,2023-04-04 11:46:14.837070,729.6529459361426
750,2023-04-04 11:46:15.837070,730.6638162008203
751,2023-04-04 11:46:16.837070,731.67408986804
752,2023-04-04 11:46:17.837070,732.4553826616483
753,2023-04-04 11:46:18.837070,733.3260256315924
754,2023-04-04 11:46:19.837070,734.3043519686689
755,2023-04-04 11:46:20.837070,735.2964128895638
756,2023-04-04 11:46:21.837070,736.2556212480234
757,2023-04-04 11:46:22.837070,737.2261582201568
758,2023-04-04 11:46:23.837070,738.1947706643568
759,2023-04-04 11:46:24.837070,739.1618039543414
760,2023-04-04 11:46:25.837070,740.1107260847153
761,2023-04-04 11:46:26.837070,741.0422071103612
762,2023-04-04 11:46:27.837070,742.1522344929191
763,2023-04-04 11:46:28.837070,743.1891254007302
764,2023-04-04 11:46:29.837070,744.2629833619327
765,2023-04-04 11:46:30.837070,745.2909416430947
766,2023-04-04 11:46:31.837070,746.2871120102134
767,2023-04-04 11:46:32.837070,747.2030484849905
768,2023-04-04 11:46:33.837070,748.2303260685844
769,2023-04-04 11:46:34.837070,749.2557102794993
770,2023-04-04 11:46:35.837070,750.106368653964
771,2023-04-04 11:46:36.837070,751.0519061897124
772,2023-04-04 11:46:37.837070,752.1470076783003
773,2023-04-04 11:46:38.837070,753.1060691892272
774,2023-04-04 11:46:39.837070,754.1629154469387
775,2023-04-04 11:46:40.837070,755.1700060415111
776,2023-04-04 11:46:41.837070,756.1460358403867
777,2023-04-04 11:46:42.837070,757.1416825687414
778,2023-04-04 11:46:43.837070,758.1527410622523
779,2023-04-04 11:46:44.837070,759.1629720479987
780,2023-04-04 11:46:45.837070,760.3858576403461
781,2023-04-04 11:46:46.837070,761.3081273577827
782,2023-04-04 11:46:47.837070,762.2569411071618
783,2023-04-04 11:46:48.837070,763.3172921385099
784,2023-04-04 11:46:49.837070,764.3383213973634
785,2023-04-04 11:46:50.837070,765.3688050133386
786,2023-04-04 11:46:51.837070,766.3640621328593
787,2023-04-04 11:46:52.837070,767.3297687490012
788,2023-04-04 11:46:53.837070,768.2997681759291
789,2023-04-04 11:46:54.837070,769.2861966351019
790,2023-04-04 11:46:55.837070,770.3068303714806
791,2023-04-04 11:46:56.837070,771.275969882223
792,2023-04-04 11:46:57.837070,772.2573182106593
793,2023-04-04 11:46:58.837070,773.1826285353268
794,2023-04-04 11:46:59.837070,774.1047628351099
795,2023-04-04 11:47:00.837070,775.0146137354028
796,2023-04-04 11:47:01.837070,775.9707095023265
797,2023-04-04 11:47:02.837070,776.884570309076
798,2023-04-04 11:47:03.837070,777.8957331926385
799,2023-04-04 11:47:04.837070,778.8762348503437
800,2023-04-04 11:47:05.837070,779.8990797847433
801,2023-04-04 11:47:06.837070,780.7127589884975
802,2023-04-04 11:47:07.837070,781.5713089684751
803,2023-04-04 11:47:08.837070,782.5671535815039
804,2023-04-04 11:47:09.837070,783.5416819791757
805,2023-04-04 11:47:10.837070,784.4803057484484
806,2023-04-04 11:47:11.837070,785.4417522870623
807,2023-04-04 11:47:12.837070,786.6371591673782
808,2023-04-04 11:47:13.837070,787.6651060307696
809,2023-04-04 11:47:14.837070,788.6344278258174
810,2023-04-04 11:47:15.837070,789.5580866668779
811,2023-04-04 11:47:16.837070,790.4458874542555
812,2023-04-04 11:47:17.837070,791.4371804488915
813,2023-04-04 11:47:18.837070,792.4326774759786
814,2023-04-04 11:47:19.837070,793.3812753590277
815,2023-04-04 11:47:20.837070,794.3917142608327
816,2023-04-04 11:47:21.837070,795.3214380453284
817,2023-04-04 11:47:22.837070,796.2621363401638
818,2023-04-04 11:47:23.837070,797.1924631899158
819,2023-04-04 11:47:24.837070,798.0015813486035
820,2023-04-04 11:47:25.837070,798.8680396049484
821,2023-04-04 11:47:26.837070,799.8946081929043
822,2023-04-04 11:47:27.837070,800.9227035187879
823,2023-04-04 11:47:28.837070,801.9145855990923
824,2023-04-04 11:47:29.837070,802.9935962263748
825,2023-04-04 11:47:30.837070,804.5017085126539
826,2023-04-04 11:47:31.837070,805.4679342299634
827,2023-04-04 11:47:32.837070,806.4288897006179
828,2023-04-04 11:47:33.837070,807.4383528031568
829,2023-04-04 11:47:34.837070,808.3924949795407
830,2023-04-04 11:47:35.837070,809.3052520032254
831,2023-04-04 11:47:36.837070,810.2776721928024
832,2023-04-04 11:47:37.837070,811.2515645819611
833,2023-04-04 11:47:38.837070,812.2265020953872
834,2023-04-04 11:47:39.837070,813.1263693640998
835,2023-04-04 11:47:40.837070,814.0611555162419
836,2023-04-04 11:47:41.837070,815.0640614638835
837,2023-04-04 11:47:42.837070,816.1070075827114
838,2023-04-04 11:47:43.837070,817.0942394959485
839,2023-04-04 11:47:44.837070,818.0014274196924
840,2023-04-04 11:47:45.837070,818.9638420693756
841,2023-04-04 11:47:46.837070,819.8771316058364
842,2023-04-04 11:47:47.837070,820.831028007828
843,2023-04-04 11:47:48.837070,821.7875520845834
844,2023-04-04 11:47:49.837070,822.7430780306318
845,2023-04-04 11:47:50.837070,823.7397897945161
846,2023-04-04 11:47:51.837070,824.7757686055972
847,2023-04-04 11:47:52.837070,825.7570413185606
848,2023-04-04 11:47:53.837070,826.8495374804723
849,2023-04-04 11:47:54.837070,827.7984769131198
850,2023-04-04 11:47:55.837070,828.7662607945408
851,2023-04-04 11:47:56.837070,829.6482480531919
852,2023-04-04 11:47:57.837070,830.6088506412914
853,2023-04-04 11:47:58.837070,831.5613480186836
854,2023-04-04 11:47:59.837070,832.5689523493705
855,2023-04-04 11:48:00.837070,833.5395557859467
856,2023-04-04 11:48:01.837070,834.5301672399644
857,2023-04-04 11:48:02.837070,835.5971021591208
858,2023-04-04 11:48:03.837070,836.5669074344559
859,2023-04-04 11:48:04.837070,837.5809230185274
860,2023-04-04 11:48:05.837070,838.6010869143012
861,2023-04-04 11:48:06.837070,839.4835530464112
862,2023-04-04 11:48:07.837070,840.515387955147
863,2023-04-04 11:48:08.837070,841.5671111910231
864,2023-04-04 11:48:09.837070,842.6339905104797
865,2023-04-04 11:48:10.837070,843.6806610783955
866,2023-04-04 11:48:11.837070,844.6431210106492
867,2023-04-04 11:48:12.837070,845.6346937493995
868,2023-04-04 11:48:13.837070,846.7361339565247
869,2023-04-04 11:48:14.837070,847.752202294757
870,2023-04-04 11:48:15.837070,848.7457714074783
871,2023-04-04 11:48:16.837070,849.7445615351292
872,2023-04-04 11:48:17.837070,850.7266971596408
873,2023-04-04 11:48:18.837070,851.7088493640958
874,2023-04-04 11:48:19.837070,852.6908423262227
875,2023-04-04 11:48:20.837070,853.6723116785346
876,2023-04-04 11:48:21.837070,854.6544664195551
877,2023-04-04 11:48:22.837070,855.6364587207264
878,2023-04-04 11:48:23.837070,856.617391060011
879,2023-04-04 11:48:24.837070,857.5978015761574
880,2023-04-04 11:48:25.837070,858.5801678402615
881,2023-04-04 11:48:26.837070,859.5625356183255
882,2023-04-04 11:48:27.837070,860.5439247407542
883,2023-04-04 11:48:28.837070,861.5261043490211
884,2023-04-04 11:48:29.837070,862.5090944696174
885,2023-04-04 11:48:30.837070,863.4913931709696
886,2023-04-04 11:48:31.837070,864.4719168859484
887,2023-04-04 11:48:32.837070,865.4543189890476
888,2023-04-04 11:48:33.837070,866.4365825888909
889,2023-04-04 11:48:34.837070,867.419315864349
890,2023-04-04 11:48:35.837070,868.3951492410595
891,2023-04-04 11:48:36.837070,869.3771801065196
892,2023-04-04 11:48:37.837070,870.3600964010793
893,2023-04-04 11:48:38.837070,871.3432879407683
894,2023-04-04 11:48:39.837070,872.3517461210746
895,2023-04-04 11:48:40.837070,873.3342841533757
896,2023-04-04 11:48:41.837070,874.3175537732535
897,2023-04-04 11:48:42.837070,875.3014474674397
898,2023-04-04 11:48:43.837070,876.2860952110298
899,2023-04-04 11:48:44.837070,877.2695189457497
900,2023-04-04 11:48:45.837070,878.2523043865996
901,2023-04-04 11:48:46.837070,879.2357325262095
902,2023-04-04 11:48:47.837070,880.2193592009647
903,2023-04-04 11:48:48.837070,881.2022818700316
904,2023-04-04 11:48:49.837070,882.1667704566472
905,2023-04-04 11:48:50.837070,883.1141420363315
906,2023-04-04 11:48:51.837070,884.1132299780763
907,2023-04-04 11:48:52.837070,885.1821541720262
908,2023-04-04 11:48:53.837070,886.1887823796476
909,2023-04-04 11:48:54.837070,887.2270117365804
910,2023-04-04 11:48:55.837070,888.1963087689421
911,2023-04-04 11:48:56.837070,889.081683055581
912,2023-04-04 11:48:57.837070,890.0642253956406
913,2023-04-04 11:48:58.837070,891.0447181106141
914,2023-04-04 11:48:59.837070,892.0514928359604
915,2023-04-04 11:49:00.837070,893.010304100273
916,2023-04-04 11:49:01.837070,894.0226370923344
917,2023-04-04 11:49:02.837070,894.9341308262555
918,2023-04-04 11:49:03.837070,895.8640978324954
919,2023-04-04 11:49:04.837070,896.8528891851805
920,2023-04-04 11:49:05.837070,897.9292176530466
921,2023-04-04 11:49:06.837070,898.8248624756981
922,2023-04-04 11:49:07.837070,899.8476848839617
923,2023-04-04 11:49:08.837070,900.8173234507307
924,2023-04-04 11:49:09.837070,901.7584951662851
925,2023-04-04 11:49:10.837070,902.742881207617
926,2023-04-04 11:49:11.837070,903.7323513761548
927,2023-04-04 11:49:12.837070,904.7110387919703
928,2023-04-04 11:49:13.837070,905.6959409213387
929,2023-04-04 11:49:14.837070,906.6699314788194
930,2023-04-04 11:49:15.837070,907.6413361492167
931,2023-04-04 11:49:16.837070,908.6912770537415
932,2023-04-04 11:49:17.837070,909.7626220514422
933,2023-04-04 11:49:18.837070,910.764094735106
934,2023-04-04 11:49:19.837070,911.7323779045262
935,2023-04-04 11:49:20.837070,912.6730608506497
936,2023-04-04 11:49:21.837070,913.618475525806
937,2023-04-04 11:49:22.837070,914.5455735301268
938,2023-04-04 11:49:23.837070,915.4628493156595
939,2023-04-04 11:49:24.837070,916.4478524207684
940,2023-04-04 11:49:25.837070,917.4341835323642
941,2023-04-04 11:49:26.837070,918.4083848173169
942,2023-04-04 11:49:27.837070,919.4119314779773
943,2023-04-04 11:49:28.837070,920.2893811384849
944,2023-04-04 11:49:29.837070,921.2625579470043
945,2023-04-04 11:49:30.837070,922.1998046161802
946,2023-04-04 11:49:31.837070,923.1659878485527
947,2023-04-04 11:49:32.837070,924.1092445111219
948,2023-04-04 11:49:33.837070,925.0176003929478
949,2023-04-04 11:49:34.837070,926.0097521403447
950,2023-04-04 11:49:35.837070,926.9879319324484
951,2023-04-04 11:49:36.837070,927.8206184959782
952,2023-04-04 11:49:37.837070,928.7674335853362
953,2023-04-04 11:49:38.837070,929.7575819399115
954,2023-04-04 11:49:39.837070,930.6062687222944
955,2023-04-04 11:49:40.837070,931.5270691994773
956,2023-04-04 11:49:41.837070,932.5887380163474
957,2023-04-04 11:49:42.837070,933.6443221405884
958,2023-04-04 11:49:43.837070,934.6888486044824
959,2023-04-04 11:49:44.837070,935.6692411809533
960,2023-04-04 11:49:45.837070,936.7881285216828
961,2023-04-04 11:49:46.837070,938.0212756160278
962,2023-04-04 11:49:47.837070,939.1025688738474
963,2023-04-04 11:49:48.837070,940.0509872363177
964,2023-04-04 11:49:49.837070,940.9075964909672
965,2023-04-04 11:49:50.837070,941.848842115768
966,2023-04-04 11:49:51.837070,942.8114418909652
967,2023-04-04 11:49:52.837070,943.728388683131
968,2023-04-04 11:49:53.837070,944.665407781708
969,2023-04-04 11:49:54.837070,945.7238438591767
970,2023-04-04 11:49:55.837070,946.6542692562533
971,2023-04-04 11:49:56.837070,947.5708159868087
972,2023-04-04 11:49:57.837070,948.5505509253691
973,2023-04-04 11:49:58.837070,949.5552090837018
974,2023-04-04 11:49:59.837070,950.4905419348866
975,2023-04-04 11:50:00.837070,951.4408796918813
976,2023-04-04 11:50:01.837070,952.4364088800738
977,2023-04-04 11:50:02.837070,953.4959690070713
978,2023-04-04 11:50:03.837070,954.4541803240222
979,2023-04-04 11:50:04.837070,955.3705699728199
980,2023-04-04 11:50:05.837070,956.3288855282979
981,2023-04-04 11:50:06.837070,957.3533509263526
982,2023-04-04 11:50:07.837070,958.2534408573089
983,2023-04-04 11:50:08.837070,959.2633253876703
984,2023-04-04 11:50:09.837070,960.2411616068654
985,2023-04-04 11:50:10.837070,961.2062625682239
986,2023-04-04 11:50:11.837070,962.1708775243628
987,2023-04-04 11:50:12.837070,963.127358587604
988,2023-04-04 11:50:13.837070,964.1158154899468
989,2023-04-04 11:50:14.837070,965.1454636245965
990,2023-04-04 11:50:15.837070,966.0998352183097
991,2023-04-04 11:50:16.837070,967.1051909755546
992,2023-04-04 11:50:17.837070,968.2000361151057
993,2023-04-04 11:50:18.837070,969.1167865649916
994,2023-04-04 11:50:19.837070,970.0370145162028
995,2023-04-04 11:50:20.837070,971.0962249066769
996,2023-04-04 11:50:21.837070,972.1203584395581
997,2023-04-04 11:50:22.837070,973.6591092652224
998,2023-04-04 11:50:23.837070,974.5425664359105
999,2023-04-04 11:50:24.837070,975.426853992931
1000,2023-04-04 11:50:25.837070,976.4286636574861
1001,2023-04-04 11:50:26.837070,977.4455175963327
1002,2023-04-04 11:50:27.837070,978.3710656292636
1003,2023-04-04 11:50:28.837070,979.8129019087636
1004,2023-04-04 11:50:29.837070,981.1193866159679
1005,2023-04-04 11:50:30.837070,982.0913831593491
1006,2023-04-04 11:50:31.837070,983.1229543751447
1007,2023-04-04 11:50:32.837070,984.1281839482215
1008,2023-04-04 11:50:33.837070,985.143010051168
1009,2023-04-04 11:50:34.837070,986.3058752401437
1010,2023-04-04 11:50:35.837070,987.3098325062819
1011,2023-04-04 11:50:36.837070,988.2612145915356
1012,2023-04-04 11:50:37.837070,989.1382572407425
1013,2023-04-04 11:50:38.837070,990.1052632687698
1014,2023-04-04 11:50:39.837070,991.1861351320133
1015,2023-04-04 11:50:40.837070,992.1573791196834
1016,2023-04-04 11:50:41.837070,993.1268652913487
1017,2023-04-04 11:50:42.837070,994.0955346178652
1018,2023-04-04 11:50:43.837070,995.0648700134874
1019,2023-04-04 11:50:44.837070,996.0348151311251
1020,2023-04-04 11:50:45.837070,997.0093725274216
1021,2023-04-04 11:50:46.837070,997.9784785337578
1022,2023-04-04 11:50:47.837070,998.9612914092629
1023,2023-04-04 11:50:48.837070,999.9935557413705
1024,2023-04-04 11:50:49.837070,1000.9316546622061
1025,2023-04-04 11:50:50.837070,1001.9495207864484
1026,2023-04-04 11:50:51.837070,1002.9856370302141
1027,2023-04-04 11:50:52.837070,1003.9833318446061
1028,2023-04-04 11:50:53.837070,1004.9461728508052
1029,2023-04-04 11:50:54.837070,1005.8833448197181
1030,2023-04-04 11:50:55.837070,1006.8522338853761
1031,2023-04-04 11:50:56.837070,1007.8220287437489
1032,2023-04-04 11:50:57.837070,1008.8009657383298
1033,2023-04-04 11:50:58.837070,1009.7716670104717
1034,2023-04-04 11:50:59.837070,1010.7033199534649
1035,2023-04-04 11:51:00.837070,1011.6554764052911
1036,2023-04-04 11:51:01.837070,1012.6450139202757
1037,2023-04-04 11:51:02.837070,1013.5268223290258
1038,2023-04-04 11:51:03.837070,1014.429659447879
1039,2023-04-04 11:51:04.837070,1015.4202804107914
1040,2023-04-04 11:51:05.837070,1016.3111378044018
1041,2023-04-04 11:51:06.837070,1017.1634563189365
1042,2023-04-04 11:51:07.837070,1018.0785350671741
1043,2023-04-04 11:51:08.837070,1019.0340131381332
1044,2023-04-04 11:51:09.837070,1020.020701900308
1045,2023-04-04 11:51:10.837070,1020.9779438825955
1046,2023-04-04 11:51:11.837070,1021.9523044925786
1047,2023-04-04 11:51:12.837070,1022.8082379104845
1048,2023-04-04 11:51:13.837070,1023.7618900805485
1049,2023-04-04 11:51:14.837070,1024.715268431441
1050,2023-04-04 11:51:15.837070,1025.692326259962
1051,2023-04-04 11:51:16.837070,1026.684468993175
1052,2023-04-04 11:51:17.837070,1027.7917206227976
1053,2023-04-04 11:51:18.837070,1028.7423254378996
1054,2023-04-04 11:51:19.837070,1029.7203297502635
1055,2023-04-04 11:51:20.837070,1030.6942339596021
1056,2023-04-04 11:51:21.837070,1031.647055520537
1057,2023-04-04 11:51:22.837070,1032.6059538759823
1058,2023-04-04 11:51:23.837070,1033.5663442310222
1059,2023-04-04 11:51:24.837070,1034.5510105367307
1060,2023-04-04 11:51:25.837070,1035.5367279974164
1061,2023-04-04 11:51:26.837070,1036.5021962158607
1062,2023-04-04 11:51:27.837070,1037.467166573884
1063,2023-04-04 11:51:28.837070,1038.433710112107
1064,2023-04-04 11:51:29.837070,1039.400062107668
1065,2023-04-04 11:51:30.837070,1040.3658330160997
1066,2023-04-04 11:51:31.837070,1041.3311136636676
1067,2023-04-04 11:51:32.837070,1042.2965783495436
1068,2023-04-04 11:51:33.837070,1043.262849258535
1069,2023-04-04 11:51:34.837070,1044.2286770245041
1070,2023-04-04 11:51:35.837070,1045.1950064874186
1071,2023-04-04 11:51:36.837070,1046.160978568765
1072,2023-04-04 11:51:37.837070,1047.1271580094
1073,2023-04-04 11:51:38.837070,1048.094215254316
1074,2023-04-04 11:51:39.837070,1049.060251410069
1075,2023-04-04 11:51:40.837070,1050.026449264085
1076,2023-04-04 11:51:41.837070,1050.992606806746
1077,2023-04-04 11:51:42.837070,1051.9596172525248
1078,2023-04-04 11:51:43.837070,1052.9267108351767
1079,2023-04-04 11:51:44.837070,1053.8927291880445
1080,2023-04-04 11:51:45.837070,1054.8577654108672
1081,2023-04-04 11:51:46.837070,1055.8235351635906
1082,2023-04-04 11:51:47.837070,1056.7892856641897
1083,2023-04-04 11:51:48.837070,1057.7557805100532
1084,2023-04-04 11:51:49.837070,1058.724083994567
1085,2023-04-04 11:51:50.837070,1059.6926874798867
1086,2023-04-04 11:51:51.837070,1060.6647354091413
1087,2023-04-04 11:51:52.837070,1061.6494982603783
1088,2023-04-04 11:51:53.837070,1062.594291545112
1089,2023-04-04 11:51:54.837070,1063.5526509487252
1090,2023-04-04 11:51:55.837070,1064.5468982085488
1091,2023-04-04 11:51:56.837070,1065.6766927002827
1092,2023-04-04 11:51:57.837070,1066.6524733029003
1093,2023-04-04 11:51:58.837070,1067.5539691123254
1094,2023-04-04 11:51:59.837070,1068.2318319506721
1095,2023-04-04 11:52:00.837070,1069.2096535290286
1096,2023-04-04 11:52:01.837070,1070.1838562227038
1097,2023-04-04 11:52:02.837070,1071.1474922521907
1098,2023-04-04 11:52:03.837070,1072.1821225748797
1099,2023-04-04 11:52:04.837070,1073.0997958092214
1100,2023-04-04 11:52:05.837070,1074.6070323244357
1101,2023-04-04 11:52:06.837070,1075.8582711029273
1102,2023-04-04 11:52:07.837070,1076.8207533379975
1103,2023-04-04 11:52:08.837070,1077.8268267001984
1104,2023-04-04 11:52:09.837070,1078.7958841203997
1105,2023-04-04 11:52:10.837070,1079.7663464186046
1106,2023-04-04 11:52:11.837070,1080.9276870440904
1107,2023-04-04 11:52:12.837070,1082.0818518009282
1108,2023-04-04 11:52:13.837070,1083.0514636129938
1109,2023-04-04 11:52:14.837070,1084.0008991950065
1110,2023-04-04 11:52:15.837070,1085.0526114128666
1111,2023-04-04 11:52:16.837070,1085.9777715201028
1112,2023-04-04 11:52:17.837070,1086.83003529773
1113,2023-04-04 11:52:18.837070,1087.826490893058
1114,2023-04-04 11:52:19.837070,1088.8438928158728
1115,2023-04-04 11:52:20.837070,1089.8167814355477
1116,2023-04-04 11:52:21.837070,1090.864391244472
1117,2023-04-04 11:52:22.837070,1091.841901383794
1118,2023-04-04 11:52:23.837070,1092.8306389633876
1119,2023-04-04 11:52:24.837070,1093.8128766356613
1120,2023-04-04 11:52:25.837070,1094.7641852119189
1121,2023-04-04 11:52:26.837070,1095.7306754433378
1122,2023-04-04 11:52:27.837070,1096.7013139818
1123,2023-04-04 11:52:28.837070,1097.7340781295072
1124,2023-04-04 11:52:29.837070,1098.7583224170373
1125,2023-04-04 11:52:30.837070,1099.7523888020862
1126,2023-04-04 11:52:31.837070,1100.7055182085198
1127,2023-04-04 11:52:32.837070,1101.6754068988114
1128,2023-04-04 11:52:33.837070,1102.652521279041
1129,2023-04-04 11:52:34.837070,1103.6409705300102
1130,2023-04-04 11:52:35.837070,1104.60135128252
1131,2023-04-04 11:52:36.837070,1105.5413094542755
1132,2023-04-04 11:52:37.837070,1106.5346064152113
1133,2023-04-04 11:52:38.837070,1107.5234235271896
1134,2023-04-04 11:52:39.837070,1108.4923165516968
1135,2023-04-04 11:52:40.837070,1109.4608476924443
1136,2023-04-04 11:52:41.837070,1110.419217817479
1137,2023-04-04 11:52:42.837070,1111.3826380090638
1138,2023-04-04 11:52:43.837070,1112.3469036070574
1139,2023-04-04 11:52:44.837070,1113.3099478936547
1140,2023-04-04 11:52:45.837070,1114.2740820525835
1141,2023-04-04 11:52:46.837070,1115.2418728009593
1142,2023-04-04 11:52:47.837070,1116.2057830006092
1143,2023-04-04 11:52:48.837070,1117.1499730753555
1144,2023-04-04 11:52:49.837070,1118.119583729859
1145,2023-04-04 11:52:50.837070,1119.083569972559
1146,2023-04-04 11:52:51.837070,1120.0238036552632
1147,2023-04-04 11:52:52.837070,1120.9692196806843
1148,2023-04-04 11:52:53.837070,1121.9289851760848
1149,2023-04-04 11:52:54.837070,1122.8933095070165
1150,2023-04-04 11:52:55.837070,1123.853772447588
1151,2023-04-04 11:52:56.837070,1124.8230666048557
1152,2023-04-04 11:52:57.837070,1125.7680341277487
1153,2023-04-04 11:52:58.837070,1126.7250048484548
1154,2023-04-04 11:52:59.837070,1127.6906843481934
1155,2023-04-04 11:53:00.837070,1128.6520387727528
1156,2023-04-04 11:53:01.837070,1129.6322051186294
1157,2023-04-04 11:53:02.837070,1130.5909543387374
1158,2023-04-04 11:53:03.837070,1131.5350582687113
1159,2023-04-04 11:53:04.837070,1132.5133068952177
1160,2023-04-04 11:53:05.837070,1133.4836126486537
1161,2023-04-04 11:53:06.837070,1134.445026526124
1162,2023-04-04 11:53:07.837070,1135.3999580594905
1163,2023-04-04 11:53:08.837070,1136.343830694862
1164,2023-04-04 11:53:09.837070,1137.3082960591935
1165,2023-04-04 11:53:10.837070,1138.2746413075208
1166,2023-04-04 11:53:11.837070,1139.2396334076395
1167,2023-04-04 11:53:12.837070,1140.2049263117378
1168,2023-04-04 11:53:13.837070,1141.17073655329
1169,2023-04-04 11:53:14.837070,1142.1349723179085
1170,2023-04-04 11:53:15.837070,1143.1006348620776
1171,2023-04-04 11:53:16.837070,1144.0649379458032
1172,2023-04-04 11:53:17.837070,1145.038104986127
1173,2023-04-04 11:53:18.837070,1146.038063801514
1174,2023-04-04 11:53:19.837070,1146.9828235023167
1175,2023-04-04 11:53:20.837070,1147.955973286451
1176,2023-04-04 11:53:21.837070,1148.963155913756
1177,2023-04-04 11:53:22.837070,1149.9328980198543
1178,2023-04-04 11:53:23.837070,1150.9312544181691
1179,2023-04-04 11:53:24.837070,1151.8280630265458
1180,2023-04-04 11:53:25.837070,1152.3603500510837
1181,2023-04-04 11:53:26.837070,1153.2174386070112
1182,2023-04-04 11:53:27.837070,1154.1987857059476
1183,2023-04-04 11:53:28.837070,1155.1534131272165
1184,2023-04-04 11:53:29.837070,1156.1305010132849
1185,2023-04-04 11:53:30.837070,1157.1005990915144
1186,2023-04-04 11:53:31.837070,1158.0296662115782
1187,2023-04-04 11:53:32.837070,1159.037964697036
1188,2023-04-04 11:53:33.837070,1160.000374183448
1189,2023-04-04 11:53:34.837070,1160.9719796639888
1190,2023-04-04 11:53:35.837070,1161.9246643913489
1191,2023-04-04 11:53:36.837070,1162.8803201962678
1192,2023-04-04 11:53:37.837070,1163.8560691761081
1193,2023-04-04 11:53:38.837070,1164.7905388331062
1194,2023-04-04 11:53:39.837070,1165.7496127369882
1195,2023-04-04 11:53:40.837070,1166.761533115999
1196,2023-04-04 11:53:41.837070,1167.8645534652405
1197,2023-04-04 11:53:42.837070,1168.8236469910723
1198,2023-04-04 11:53:43.837070,1169.7773639904321
1199,2023-04-04 11:53:44.837070,1170.7396748918497
1200,2023-04-04 11:53:45.837070,1171.725624722434
1201,2023-04-04 11:53:46.837070,1172.6757420985648
1202,2023-04-04 11:53:47.837070,1173.6247633328455
1203,2023-04-04 11:53:48.837070,1174.609300813428
1204,2023-04-04 11:53:49.837070,1175.5859825200966
1205,2023-04-04 11:53:50.837070,1176.5430622096596
1206,2023-04-04 11:53:51.837070,1177.555206073858
1207,2023-04-04 11:53:52.837070,1178.5332992641208
1208,2023-04-04 11:53:53.837070,1179.5400884071018
1209,2023-04-04 11:53:54.837070,1180.563608813793
1210,2023-04-04 11:53:55.837070,1181.5533192004314
1211,2023-04-04 11:53:56.837070,1182.507667395658
1212,2023-04-04 11:53:57.837070,1183.4428534958258
1213,2023-04-04 11:53:58.837070,1184.3689853185842
1214,2023-04-04 11:53:59.837070,1185.3340884652578
1215,2023-04-04 11:54:00.837070,1186.296884275761
1216,2023-04-04 11:54:01.837070,1187.2394959189285
1217,2023-04-04 11:54:02.837070,1188.2235204329556
1218,2023-04-04 11:54:03.837070,1189.2371388202967
1219,2023-04-04 11:54:04.837070,1190.2103626574335
1220,2023-04-04 11:54:05.837070,1191.1647490897353
1221,2023-04-04 11:54:06.837070,1192.1629100260284
1222,2023-04-04 11:54:07.837070,1193.138440357214
1223,2023-04-04 11:54:08.837070,1194.1217772789919
1224,2023-04-04 11:54:09.837070,1195.0989105354292
1225,2023-04-04 11:54:10.837070,1196.0478024395923
1226,2023-04-04 11:54:11.837070,1197.019694283097
1227,2023-04-04 11:54:12.837070,1197.990461398321
1228,2023-04-04 11:54:13.837070,1198.9748322433325
1229,2023-04-04 11:54:14.837070,1199.91187749239
1230,2023-04-04 11:54:15.837070,1200.9298140487654
1231,2023-04-04 11:54:16.837070,1202.0211096565176
1232,2023-04-04 11:54:17.837070,1203.0159305296595
1233,2023-04-04 11:54:18.837070,1204.0146572638523
1234,2023-04-04 11:54:19.837070,1205.049217397999
1235,2023-04-04 11:54:20.837070,1205.9974051674535
1236,2023-04-04 11:54:21.837070,1206.962469282471
1237,2023-04-04 11:54:22.837070,1208.047977764775
1238,2023-04-04 11:54:23.837070,1209.038990987112
1239,2023-04-04 11:54:24.837070,1210.0300331289448
1240,2023-04-04 11:54:25.837070,1210.9713475279743
1241,2023-04-04 11:54:26.837070,1211.9032962865356
1242,2023-04-04 11:54:27.837070,1212.8001216106325
1243,2023-04-04 11:54:28.837070,1213.7384439316884
1244,2023-04-04 11:54:29.837070,1214.7331453336712
1245,2023-04-04 11:54:30.837070,1215.7383027594974
1246,2023-04-04 11:54:31.837070,1216.7206476686474
1247,2023-04-04 11:54:32.837070,1217.6417773764965
1248,2023-04-04 11:54:33.837070,1218.6363767145008
1249,2023-04-04 11:54:34.837070,1219.7235366281861
1250,2023-04-04 11:54:35.837070,1220.6650979747553
1251,2023-04-04 11:54:36.837070,1221.6784377905826
1252,2023-04-04 11:54:37.837070,1222.632147164271
1253,2023-04-04 11:54:38.837070,1223.5329638232924
1254,2023-04-04 11:54:39.837070,1224.477051101853
1255,2023-04-04 11:54:40.837070,1225.4381006424067
1256,2023-04-04 11:54:41.837070,1226.4199068860194
1257,2023-04-04 11:54:42.837070,1227.3256836700114
1258,2023-04-04 11:54:43.837070,1228.2491032797418
1259,2023-04-04 11:54:44.837070,1229.2445318167665
1260,2023-04-04 11:54:45.837070,1230.2415780831602
1261,2023-04-04 11:54:46.837070,1231.2131773908711
1262,2023-04-04 11:54:47.837070,1232.1311629533388
1263,2023-04-04 11:54:48.837070,1233.069394162857
1264,2023-04-04 11:54:49.837070,1234.104904929818
1265,2023-04-04 11:54:50.837070,1235.0927726449543
1266,2023-04-04 11:54:51.837070,1236.0934275867019
1267,2023-04-04 11:54:52.837070,1237.1215253939772
1268,2023-04-04 11:54:53.837070,1238.110955089993
1269,2023-04-04 11:54:54.837070,1239.143019034314
1270,2023-04-04 11:54:55.837070,1240.1007235056666
1271,2023-04-04 11:54:56.837070,1241.0242289988728
1272,2023-04-04 11:54:57.837070,1241.9875555235958
1273,2023-04-04 11:54:58.837070,1242.9072025595517
1274,2023-04-04 11:54:59.837070,1243.8767104892029
1275,2023-04-04 11:55:00.837070,1244.871177679692
1276,2023-04-04 11:55:01.837070,1245.8732667248994
1277,2023-04-04 11:55:02.837070,1246.9267837322998
1278,2023-04-04 11:55:03.837070,1247.9653586688573
1279,2023-04-04 11:55:04.837070,1248.8732357299493
1280,2023-04-04 11:55:05.837070,1249.8526889277161
1281,2023-04-04 11:55:06.837070,1250.8407763419643
1282,2023-04-04 11:55:07.837070,1251.8238216155464
1283,2023-04-04 11:55:08.837070,1252.7649291594612
1284,2023-04-04 11:55:09.837070,1253.7540220025937
1285,2023-04-04 11:55:10.837070,1254.7086813744422
1286,2023-04-04 11:55:11.837070,1255.7257899259594
1287,2023-04-04 11:55:12.837070,1256.7454219967558
1288,2023-04-04 11:55:13.837070,1257.7618441515315
1289,2023-04-04 11:55:14.837070,1258.6589557964962
1290,2023-04-04 11:55:15.837070,1259.6550367369307
1291,2023-04-04 11:55:16.837070,1260.940960844808
1292,2023-04-04 11:55:17.837070,1262.0524130910994
1293,2023-04-04 11:55:18.837070,1263.0627767179012
1294,2023-04-04 11:55:19.837070,1264.0585867380953
1295,2023-04-04 11:55:20.837070,1265.006769977238
1296,2023-04-04 11:55:21.837070,1265.9633277066334
1297,2023-04-04 11:55:22.837070,1266.9206050680123
1298,2023-04-04 11:55:23.837070,1267.9008960828332
1299,2023-04-04 11:55:24.837070,1268.8841840390858
1300,2023-04-04 11:55:25.837070,1269.867004236386
1301,2023-04-04 11:55:26.837070,1270.8500191596522
1302,2023-04-04 11:55:27.837070,1271.832568145689
1303,2023-04-04 11:55:28.837070,1272.8115782440962
1304,2023-04-04 11:55:29.837070,1273.792906088898
1305,2023-04-04 11:55:30.837070,1274.7752263289901
1306,2023-04-04 11:55:31.837070,1275.7577635986438
1307,2023-04-04 11:55:32.837070,1276.7415506652965
1308,2023-04-04 11:55:33.837070,1277.7237573284747
1309,2023-04-04 11:55:34.837070,1278.7062808966546
1310,2023-04-04 11:55:35.837070,1279.6891091554162
1311,2023-04-04 11:55:36.837070,1280.6717113495515
1312,2023-04-04 11:55:37.837070,1281.6536196831528
1313,2023-04-04 11:55:38.837070,1282.6359420057295
1314,2023-04-04 11:55:39.837070,1283.6191567017067
1315,2023-04-04 11:55:40.837070,1284.6025888185409
1316,2023-04-04 11:55:41.837070,1285.587157438475
1317,2023-04-04 11:55:42.837070,1286.570054225436
1318,2023-04-04 11:55:43.837070,1287.5528831932668
1319,2023-04-04 11:55:44.837070,1288.5378086150492
1320,2023-04-04 11:55:45.837070,1289.5204930950106
1321,2023-04-04 11:55:46.837070,1290.5030057377317
1322,2023-04-04 11:55:47.837070,1291.4865539914886
1323,2023-04-04 11:55:48.837070,1292.4718699150658
1324,2023-04-04 11:55:49.837070,1293.4570111130483
1325,2023-04-04 11:55:50.837070,1294.4405643850278
1326,2023-04-04 11:55:51.837070,1295.422747206482
1327,2023-04-04 11:55:52.837070,1296.4052698040832
1328,2023-04-04 11:55:53.837070,1297.3860329283798
1329,2023-04-04 11:55:54.837070,1298.36967005507
1330,2023-04-04 11:55:55.837070,1299.3544357193
1331,2023-04-04 11:55:56.837070,1300.3396204308651
1332,2023-04-04 11:55:57.837070,1301.3229979286016
1333,2023-04-04 11:55:58.837070,1302.3069281601918
1334,2023-04-04 11:55:59.837070,1303.2901787809876
1335,2023-04-04 11:56:00.837070,1304.2735488897415
1336,2023-04-04 11:56:01.837070,1305.2570720096753
1337,2023-04-04 11:56:02.837070,1306.2416334333002
1338,2023-04-04 11:56:03.837070,1307.2260596691237
1339,2023-04-04 11:56:04.837070,1308.2105782703818
